{"accuracy": 0.8705, "precision": 0.4634146341463415, "recall": 0.3076923076923077, "f1Score": 0.36982968369829683, "lastTrained": "2025-07-01T17:19:37.236116", "trainingDataSize": 8000}